<?xml version="1.0" encoding="UTF-8" standalone="yes"?>
<taskReportHaul xmlns:a="http://www.appian.com/ae/types/2009">
    <taskReport a:uuid="aeb1ed31-5af1-4ac0-937f-8f6a845c1e8a" name="Auto Deploy">
        <a:description>Task report showing open tasks in the Auto Deploy application</a:description>
        <a:uiExpr>=#"_a-0000df83-2a99-8000-06a9-01ef9001ef90_5251"()</a:uiExpr>
        <a:urlStub>yLPWhQ</a:urlStub>
    </taskReport>
    <roleMap>
        <role name="report_administrator">
            <users/>
            <groups>
                <groupUuid>_e-0000df83-2a86-8000-0670-011e94011e94_25</groupUuid>
            </groups>
        </role>
        <role name="report_viewer">
            <users/>
            <groups>
                <groupUuid>_e-0000df83-2a86-8000-0670-011e94011e94_26</groupUuid>
            </groups>
        </role>
    </roleMap>
</taskReportHaul>
