<?xml version="1.0" encoding="UTF-8" standalone="yes"?>
<recordTypeHaul xmlns:a="http://www.appian.com/ae/types/2009">
    <recordType a:uuid="e1df704a-76ff-49cd-974d-8a17d6caa58c" name="Deployment">
        <a:pluralName>Deployments</a:pluralName>
        <a:description>List of entries in the Auto Deploy application</a:description>
        <a:urlStub>J5WG1g</a:urlStub>
        <a:source xmlns:xsi="http://www.w3.org/2001/XMLSchema-instance" xsi:type="a:DataStoreEntity" a:uuid="490beff5-f7a8-4b6d-ae3d-fb73d96bbc1a@_a-0000df83-2a99-8000-06a9-01ef9001ef90_5257"/>
        <a:listViewTemplateExpr>#"SYSTEM_SYSRULES_recordGridLayoutColumns"(
  emptygridmessage: "No Deployments available",
  columns: {
    #"SYSTEM_SYSRULES_gridLayoutColumn"(
      label: "Title",
      weight: 7,
      field: "title",
      component: #"SYSTEM_SYSRULES_recordGrid_linkField"(
        links: #"SYSTEM_SYSRULES_recordLink"(
          label: rf!title,
          recordType: rp!type,
          identifier: rp!id
        )
      )
    ),
    #"SYSTEM_SYSRULES_gridLayoutColumn"(
      label: "Status",
      width: "DISTRIBUTE",
      weight: 3,
      field: "status.order",
      component: #"SYSTEM_SYSRULES_recordGrid_textField"(
        displayvalue: rf!status.value
      )
    ),
    #"SYSTEM_SYSRULES_gridLayoutColumn"(
      label: "Priority",
      width: "DISTRIBUTE",
      weight: 2,
      field: "priority.order",
      align: "CENTER",
      component: #"SYSTEM_SYSRULES_recordGrid_imageField"(
        images: {
          if(
            isnull(#"_a-0000df83-2a99-8000-06a9-01ef9001ef90_5237"(rf!priority.value)),
            {},
            #"_a-0000df83-2a99-8000-06a9-01ef9001ef90_5237"(rf!priority.value)
          )
        },
        size: "ICON"
      )
    ),
    #"SYSTEM_SYSRULES_gridLayoutColumn"(
      label: "Created By",
      weight: 4,
      field: "createdBy",
      component: #"SYSTEM_SYSRULES_recordGrid_linkField"(
        links: {
          #"SYSTEM_SYSRULES_userRecordLink"(
            label: #"50777a54-3eb3-4dd9-9614-f15c89695c8c_FORMATNAME"(rf!createdBy),
            user: rf!createdBy
          )
        }
      )
    ),
    #"SYSTEM_SYSRULES_gridLayoutColumn"(
      label: "Updated On",
      width: "DISTRIBUTE",
      weight: 2,
      field: "updatedOn",
      align: "RIGHT",
      component: #"SYSTEM_SYSRULES_recordGrid_textField"(
        displayvalue: #"_a-0000df83-2a99-8000-06a9-01ef9001ef90_5225"(rf!updatedOn),
        align: "RIGHT"
      )
    )
  },
  pageSize: 50,
  defaultSort: #"SYSTEM_SYSRULES_sortInfo"(
    field: "updatedOn",
    ascending: false
  )
)</a:listViewTemplateExpr>
        <a:fieldCfg name="Status">
            <a:isSortable>false</a:isSortable>
            <a:isSearchable>false</a:isSearchable>
            <a:isFacet>true</a:isFacet>
            <a:facetType>EXPRESSION</a:facetType>
            <a:isExclusiveFacet>true</a:isExclusiveFacet>
            <a:facetExpr>with(
  local!options: #"_a-0000df83-2a99-8000-06a9-01ef9001ef90_5263"(),
  local!statusCounts: #"SYSTEM_SYSRULES_queryEntity"(
    entity: #"72485958-b51b-4820-a154-20fab2039f73_MAINDSECONSTANT",
    query: #"SYSTEM_SYSRULES_query"(
      aggregation: #"SYSTEM_SYSRULES_queryAggregation"(
        aggregationColumns: {
          #"SYSTEM_SYSRULES_queryAggregationColumn"(field: "status.value", isGrouping: true),
          #"SYSTEM_SYSRULES_queryAggregationColumn"(field: "id", aggregationFunction: "COUNT")
        }
      ),
      pagingInfo: #"SYSTEM_SYSRULES_pagingInfo"(1, -1, #"SYSTEM_SYSRULES_sortInfo"("status.value", true))
    )
  ),
  local!statusCountsOrdered: if(
    local!statusCounts.totalCount = 0,
    {},
    #"SYSTEM_SYSRULES_forEach"(
      items: local!options.value,
      expression: #"_a-0000df83-2a99-8000-06a9-01ef9001ef90_5233"(
        local!statusCounts.data.id,
        local!statusCounts.data.status.value,
        fv!item
      )
    )
  ),
  #"SYSTEM_SYSRULES_facet_v1"(
    name: "Status",
    options: #"SYSTEM_SYSRULES_forEach"(
      items: local!options,
      expression: #"_a-0000df83-2a99-8000-06a9-01ef9001ef90_5232"(fv!item, "status", index(local!statusCountsOrdered, fv!index, null))
    )
  )
)</a:facetExpr>
            <a:sortOrderIndex>0</a:sortOrderIndex>
            <a:facetOrderIndex>0</a:facetOrderIndex>
            <a:allowMultipleSelections>false</a:allowMultipleSelections>
        </a:fieldCfg>
        <a:fieldCfg name="Priority">
            <a:isSortable>false</a:isSortable>
            <a:isSearchable>false</a:isSearchable>
            <a:isFacet>true</a:isFacet>
            <a:facetType>EXPRESSION</a:facetType>
            <a:isExclusiveFacet>true</a:isExclusiveFacet>
            <a:facetExpr>with(
  local!options2: #"_a-0000df83-2a99-8000-06a9-01ef9001ef90_5264"(),
  local!priorityCounts: #"SYSTEM_SYSRULES_queryEntity"(
    entity: #"72485958-b51b-4820-a154-20fab2039f73_MAINDSECONSTANT",
    query: #"SYSTEM_SYSRULES_query"(
      aggregation: #"SYSTEM_SYSRULES_queryAggregation"(
        aggregationColumns: {
          #"SYSTEM_SYSRULES_queryAggregationColumn"(field: "priority.value", isGrouping: true),
          #"SYSTEM_SYSRULES_queryAggregationColumn"(field: "id", aggregationFunction: "COUNT")
        }
      ),
      pagingInfo: #"SYSTEM_SYSRULES_pagingInfo"(1, -1, #"SYSTEM_SYSRULES_sortInfo"("priority.value", true))
    )
  ),
  local!priorityCountsOrdered: if(
    local!priorityCounts.totalCount = 0,
    {},
    #"SYSTEM_SYSRULES_forEach"(
      items: local!options2.value,
      expression: #"_a-0000df83-2a99-8000-06a9-01ef9001ef90_5233"(
        local!priorityCounts.data.id,
        local!priorityCounts.data.priority.value,
        fv!item
      )
    )
  ),
  #"SYSTEM_SYSRULES_facet_v1"(
    name: "Priority",
    options: #"SYSTEM_SYSRULES_forEach"(
      items: local!options2,
      expression: #"_a-0000df83-2a99-8000-06a9-01ef9001ef90_5232"(fv!item, "priority", index(local!priorityCountsOrdered, fv!index, null))
    )
  )
)</a:facetExpr>
            <a:sortOrderIndex>1</a:sortOrderIndex>
            <a:facetOrderIndex>1</a:facetOrderIndex>
            <a:allowMultipleSelections>false</a:allowMultipleSelections>
        </a:fieldCfg>
        <a:fieldCfg name="Created By">
            <a:isSortable>false</a:isSortable>
            <a:isSearchable>false</a:isSearchable>
            <a:isFacet>true</a:isFacet>
            <a:facetType>EXPRESSION</a:facetType>
            <a:isExclusiveFacet>true</a:isExclusiveFacet>
            <a:facetExpr>with(
  local!creators:#"SYSTEM_SYSRULES_queryEntity"(
    entity: #"72485958-b51b-4820-a154-20fab2039f73_MAINDSECONSTANT",
    query: #"SYSTEM_SYSRULES_query"(
      aggregation: #"SYSTEM_SYSRULES_queryAggregation"(
        aggregationColumns: {
          #"SYSTEM_SYSRULES_queryAggregationColumn"(field: "createdBy", isGrouping: true),
          #"SYSTEM_SYSRULES_queryAggregationColumn"(field: "createdBy", alias: "numberCreated", aggregationFunction: "COUNT")
        }
      ),
      pagingInfo: #"SYSTEM_SYSRULES_pagingInfo"(1, -1, #"SYSTEM_SYSRULES_sortInfo"("createdBy", true))
    )
  ),
  if(
    local!creators.totalCount = 0,
    {},
    #"SYSTEM_SYSRULES_facet_v1"(
      name: "Created By",
      options: #"SYSTEM_SYSRULES_forEach"(
        items: local!creators,
        expression: #"SYSTEM_SYSRULES_facetOption"(
          id: fv!index,
          name: #"50777a54-3eb3-4dd9-9614-f15c89695c8c_FORMATNAME"(fv!item.createdBy),
          filter: #"SYSTEM_SYSRULES_queryFilter"(
            field: "createdBy",
            operator: "=",
            value: fv!item.createdBy
          ),
          dataCount: fv!item.numberCreated
        )
      )
    )
  )
)</a:facetExpr>
            <a:sortOrderIndex>2</a:sortOrderIndex>
            <a:facetOrderIndex>2</a:facetOrderIndex>
            <a:visibilityExpr></a:visibilityExpr>
            <a:defaultOptionExpr></a:defaultOptionExpr>
            <a:allowMultipleSelections>false</a:allowMultipleSelections>
        </a:fieldCfg>
        <a:detailViewCfg>
            <a:nameExpr>="Summary"</a:nameExpr>
            <a:uiExpr>#"_a-0000df83-2a99-8000-06a9-01ef9001ef90_5243"(rp!id)</a:uiExpr>
            <a:visibilityExpr>=true()</a:visibilityExpr>
            <a:urlStub>summary</a:urlStub>
            <a:headerExpr></a:headerExpr>
            <a:relatedActionCfg>76c1b5e8-5793-4e81-bfb2-941638a51e79</a:relatedActionCfg>
            <a:relatedActionCfg>b6d7e6cd-d907-48ba-9e2c-417180f89f39</a:relatedActionCfg>
            <a:relatedActionCfg>4c00448d-34cf-4fb3-b21c-c22eeeaefbe6</a:relatedActionCfg>
        </a:detailViewCfg>
        <a:detailViewCfg>
            <a:nameExpr>"Activity History"</a:nameExpr>
            <a:uiExpr>#"_a-0000df83-2a99-8000-06a9-01ef9001ef90_5235"(rp!id)</a:uiExpr>
            <a:visibilityExpr>=true()</a:visibilityExpr>
            <a:urlStub>_jhBmSQ</a:urlStub>
            <a:headerExpr></a:headerExpr>
            <a:relatedActionCfg>76c1b5e8-5793-4e81-bfb2-941638a51e79</a:relatedActionCfg>
            <a:relatedActionCfg>b6d7e6cd-d907-48ba-9e2c-417180f89f39</a:relatedActionCfg>
        </a:detailViewCfg>
        <a:relatedActionCfg>
            <a:target xmlns:xsi="http://www.w3.org/2001/XMLSchema-instance" xsi:type="a:ProcessModel" a:uuid="06c0db14-c2b7-4bbf-a3a1-32806ad937dd"/>
            <a:contextExpr>with(
  local!record: #"645ba993-dafc-4783-9ebc-2a5897024e91_GETONERECORD"(rp!id),
  {
    record: local!record,
    documents: folder(local!record.folderId, "documentChildren"),
  }
)</a:contextExpr>
            <a:visibilityExpr>=true()</a:visibilityExpr>
            <a:iconId>f044</a:iconId>
            <a:refId>76c1b5e8-5793-4e81-bfb2-941638a51e79</a:refId>
        </a:relatedActionCfg>
        <a:relatedActionCfg>
            <a:target xmlns:xsi="http://www.w3.org/2001/XMLSchema-instance" xsi:type="a:ProcessModel" a:uuid="274bf14c-45cb-4888-aacd-bd8301b217a9"/>
            <a:contextExpr>{
  recordId: rp!id
}</a:contextExpr>
            <a:visibilityExpr>=true()</a:visibilityExpr>
            <a:iconId>f046</a:iconId>
            <a:refId>b6d7e6cd-d907-48ba-9e2c-417180f89f39</a:refId>
        </a:relatedActionCfg>
        <a:relatedActionCfg>
            <a:target xmlns:xsi="http://www.w3.org/2001/XMLSchema-instance" xsi:type="a:ProcessModel" a:uuid="8a2ea18f-ff31-430b-b9c6-760d6c6c01cf"/>
            <a:contextExpr>{
  record: #"645ba993-dafc-4783-9ebc-2a5897024e91_GETONERECORD"(rp!id)
}</a:contextExpr>
            <a:visibilityExpr>=true()</a:visibilityExpr>
            <a:iconId>f014</a:iconId>
            <a:refId>4c00448d-34cf-4fb3-b21c-c22eeeaefbe6</a:refId>
        </a:relatedActionCfg>
        <a:isSystem>false</a:isSystem>
        <a:dataSrcExpr></a:dataSrcExpr>
        <a:facetsListExpr></a:facetsListExpr>
        <a:titleExpr>rf!title</a:titleExpr>
        <a:defaultFiltersExpr></a:defaultFiltersExpr>
        <a:layoutType>GRID</a:layoutType>
        <a:security>16383</a:security>
        <a:hideLatestNews>false</a:hideLatestNews>
    </recordType>
    <roleMap>
        <role name="record_type_administrator">
            <users/>
            <groups>
                <groupUuid>_e-0000df83-2a86-8000-0670-011e94011e94_25</groupUuid>
            </groups>
        </role>
        <role name="record_type_viewer">
            <users/>
            <groups>
                <groupUuid>_e-0000df83-2a86-8000-0670-011e94011e94_26</groupUuid>
            </groups>
        </role>
    </roleMap>
</recordTypeHaul>
