<?xml version="1.0" encoding="UTF-8" standalone="yes"?>
<contentHaul xmlns:a="http://www.appian.com/ae/types/2009">
    <rule>
        <name>AD_SendTask</name>
        <uuid>_a-0000df83-2a99-8000-06a9-01ef9001ef90_5247</uuid>
        <description>Interface to send an ad-hoc task from a record</description>
        <parentUuid>9fe7a67d-221f-4480-8baf-ce89637400ed</parentUuid>
        <visibility>
            <advertise>false</advertise>
            <hierarchy>true</hierarchy>
            <indexable>true</indexable>
            <quota>false</quota>
            <searchable>true</searchable>
            <system>false</system>
            <unlogged>false</unlogged>
        </visibility>
        <definition>=#"SYSTEM_SYSRULES_formLayout_v1"(
  label: if(
    isnull(ri!recordId),
    "Send Task",
    "Send Task from " &amp; #"645ba993-dafc-4783-9ebc-2a5897024e91_GETONERECORD"(ri!recordId).title
  ),
  instructions: "Details of this record will be embedded in the task form",
  contents: #"_a-0000df83-2a99-8000-06a9-01ef9001ef90_5248"(
    assignee: ri!assignee,
    taskDetails: ri!taskDetails,
    deadline: ri!deadline
  ),
  buttons: #"SYSTEM_SYSRULES_ButtonLayout"(
    primaryButtons: {
      #"SYSTEM_SYSRULES_ButtonWidgetSubmit"(
        label: "Send Task",
        style: "PRIMARY",
        confirmMessage: if(
          or(
            isnull(ri!assignee),
            isusermemberofgroup(ri!assignee, #"_a-0000df83-2a99-8000-06a9-01ef9001ef90_5213")
          ),
          "",
          "Are you sure you want to send a task to this user? They will receive access to all records in the Auto Deploy application."
        ),
        saveInto: {
          a!save(ri!taskedOn, now()),
          a!save(ri!taskFrom, loggedinuser())
        }
      )
    },
    secondaryButtons: {
      #"SYSTEM_SYSRULES_ButtonWidgetSubmit"(
        label: "Cancel",
        style: "NORMAL",
        value: true,
        saveInto: ri!cancel,
        skipValidation: true
      )
    }
  )
)</definition>
        <namedTypedValue>
            <name>assignee</name>
            <type>
                <name>User</name>
                <namespace>http://www.appian.com/ae/types/2009</namespace>
            </type>
        </namedTypedValue>
        <namedTypedValue>
            <name>taskDetails</name>
            <type>
                <name>string</name>
                <namespace>http://www.w3.org/2001/XMLSchema</namespace>
            </type>
            <value/>
        </namedTypedValue>
        <namedTypedValue>
            <name>taskedOn</name>
            <type>
                <name>dateTime</name>
                <namespace>http://www.w3.org/2001/XMLSchema</namespace>
            </type>
        </namedTypedValue>
        <namedTypedValue>
            <name>taskFrom</name>
            <type>
                <name>User</name>
                <namespace>http://www.appian.com/ae/types/2009</namespace>
            </type>
        </namedTypedValue>
        <namedTypedValue>
            <name>recordId</name>
            <type>
                <name>int</name>
                <namespace>http://www.w3.org/2001/XMLSchema</namespace>
            </type>
        </namedTypedValue>
        <namedTypedValue>
            <name>cancel</name>
            <type>
                <name>boolean</name>
                <namespace>http://www.w3.org/2001/XMLSchema</namespace>
            </type>
        </namedTypedValue>
        <namedTypedValue>
            <name>deadline</name>
            <type>
                <name>dateTime</name>
                <namespace>http://www.w3.org/2001/XMLSchema</namespace>
            </type>
        </namedTypedValue>
        <metadataExpr></metadataExpr>
        <preferredEditor>interface</preferredEditor>
        <offlineEnabled>false</offlineEnabled>
    </rule>
    <roleMap public="true">
        <role inherit="true" allowForAll="false" name="readers">
            <users/>
            <groups/>
        </role>
        <role inherit="true" allowForAll="false" name="authors">
            <users/>
            <groups/>
        </role>
        <role inherit="true" allowForAll="false" name="administrators">
            <users/>
            <groups/>
        </role>
        <role inherit="false" allowForAll="false" name="denyReaders">
            <users/>
            <groups/>
        </role>
        <role inherit="false" allowForAll="false" name="denyAuthors">
            <users/>
            <groups/>
        </role>
        <role inherit="false" allowForAll="false" name="denyAdministrators">
            <users/>
            <groups/>
        </role>
    </roleMap>
</contentHaul>
