<?xml version="1.0" encoding="UTF-8" standalone="yes"?>
<contentHaul xmlns:a="http://www.appian.com/ae/types/2009">
    <rule>
        <name>AD_GridFilters</name>
        <uuid>_a-0000df83-2a99-8000-06a9-01ef9001ef90_5239</uuid>
        <description>Returns a rich text field representing the filters applied to a grid, along with a link for clearing them</description>
        <parentUuid>66f7b4f4-3500-4b91-98ba-c2e6f5315095</parentUuid>
        <visibility>
            <advertise>false</advertise>
            <hierarchy>true</hierarchy>
            <indexable>true</indexable>
            <quota>false</quota>
            <searchable>true</searchable>
            <system>false</system>
            <unlogged>false</unlogged>
        </visibility>
        <definition>#"SYSTEM_SYSRULES_richTextDisplayField"(
  label: "Filters",
  labelPosition: "ADJACENT",
  value: {
    #"SYSTEM_SYSRULES_richTextItem"(
      text: "Creator: " &amp; #"50777a54-3eb3-4dd9-9614-f15c89695c8c_FORMATNAME"(ri!creator) &amp; char(10),
      showWhen: not(isnull(ri!creator))
    ),
    #"SYSTEM_SYSRULES_richTextItem"(
      text: "Created In: " &amp; text(eomonth(today(),ri!creationTime), "YYYY-M") &amp; char(10),
      showWhen: not(isnull(ri!creationTime))
    ),
    #"SYSTEM_SYSRULES_richTextItem"(
      text: "Status: " &amp; ri!status &amp; char(10),
      showWhen: not(isnull(ri!status))
    ),
    #"SYSTEM_SYSRULES_richTextItem"(
      text: "Priority: " &amp; ri!priority &amp; char(10),
      showWhen: not(isnull(ri!priority))
    ),
    if(
      all(fn!isnull, {ri!creator, ri!creationTime, ri!status, ri!priority, ri!searchTerm}),
      #"SYSTEM_SYSRULES_richTextItem"(text: "&lt;no filter applied&gt;", style: "EMPHASIS"),
      {
        #"SYSTEM_SYSRULES_richTextItem"(
          text: "(Clear Filters and Search)",
          link: #"SYSTEM_SYSRULES_dynamicLink"(
            value: null,
            saveInto: {
              ri!creator,
              ri!creationTime,
              ri!status,
              ri!priority,
              ri!searchTerm,
              a!save(ri!pagingInfo.startIndex, 1)
            }
          )
        )
      }
    )
  }
)</definition>
        <namedTypedValue>
            <name>creator</name>
            <type>
                <name>string</name>
                <namespace>http://www.w3.org/2001/XMLSchema</namespace>
            </type>
            <value/>
        </namedTypedValue>
        <namedTypedValue>
            <name>creationTime</name>
            <type>
                <name>int</name>
                <namespace>http://www.w3.org/2001/XMLSchema</namespace>
            </type>
        </namedTypedValue>
        <namedTypedValue>
            <name>status</name>
            <type>
                <name>string</name>
                <namespace>http://www.w3.org/2001/XMLSchema</namespace>
            </type>
            <value/>
        </namedTypedValue>
        <namedTypedValue>
            <name>priority</name>
            <type>
                <name>string</name>
                <namespace>http://www.w3.org/2001/XMLSchema</namespace>
            </type>
            <value/>
        </namedTypedValue>
        <namedTypedValue>
            <name>searchTerm</name>
            <type>
                <name>string</name>
                <namespace>http://www.w3.org/2001/XMLSchema</namespace>
            </type>
            <value/>
        </namedTypedValue>
        <namedTypedValue>
            <name>pagingInfo</name>
            <type>
                <name>PagingInfo</name>
                <namespace>http://www.appian.com/ae/types/2009</namespace>
            </type>
        </namedTypedValue>
        <preferredEditor>interface</preferredEditor>
        <offlineEnabled>false</offlineEnabled>
    </rule>
    <roleMap public="true">
        <role inherit="true" allowForAll="false" name="readers">
            <users/>
            <groups/>
        </role>
        <role inherit="true" allowForAll="false" name="authors">
            <users/>
            <groups/>
        </role>
        <role inherit="true" allowForAll="false" name="administrators">
            <users/>
            <groups/>
        </role>
        <role inherit="false" allowForAll="false" name="denyReaders">
            <users/>
            <groups/>
        </role>
        <role inherit="false" allowForAll="false" name="denyAuthors">
            <users/>
            <groups/>
        </role>
        <role inherit="false" allowForAll="false" name="denyAdministrators">
            <users/>
            <groups/>
        </role>
    </roleMap>
</contentHaul>
