<?xml version="1.0" encoding="UTF-8" standalone="yes"?>
<contentHaul xmlns:a="http://www.appian.com/ae/types/2009">
    <rule>
        <name>AD_FriendlyFormatDate</name>
        <uuid>_a-0000df83-2a99-8000-06a9-01ef9001ef90_5225</uuid>
        <description>Takes a date-time and returns a different format based on how long ago it is. If it's today, only show the time. If it's this year sometime, only show the day and month. If it's longer ago than that, show day, month, and year.</description>
        <parentUuid>66f7b4f4-3500-4b91-98ba-c2e6f5315095</parentUuid>
        <visibility>
            <advertise>false</advertise>
            <hierarchy>true</hierarchy>
            <indexable>true</indexable>
            <quota>false</quota>
            <searchable>true</searchable>
            <system>false</system>
            <unlogged>false</unlogged>
        </visibility>
        <definition>if(
  isnull(ri!date),
  "",
  if(
    /* Else if the date is on a future date, show the full date and time */
    ri!date &gt; today()+1,
    text(ri!date, "MMM d, yyyy h:mm a"),
    if(
      /* Else if the input is sometime today, just show the time. */
      ri!date &gt; today(),
      text(ri!date, "h:mm:ss a"),
      if(
        /* Else if the input is sometime this year, just show the day and month. */
        ri!date &gt; date(year(now()), 1, 1),
        text(ri!date, "MMM d"),
        /* Else, show day, month, and year */
        text(ri!date, "MMM d, yyyy")
      )
    )
  )
)</definition>
        <namedTypedValue>
            <name>date</name>
            <type>
                <name>dateTime</name>
                <namespace>http://www.w3.org/2001/XMLSchema</namespace>
            </type>
        </namedTypedValue>
        <preferredEditor>legacy</preferredEditor>
        <offlineEnabled>false</offlineEnabled>
    </rule>
    <roleMap public="true">
        <role inherit="true" allowForAll="false" name="readers">
            <users/>
            <groups/>
        </role>
        <role inherit="true" allowForAll="false" name="authors">
            <users/>
            <groups/>
        </role>
        <role inherit="true" allowForAll="false" name="administrators">
            <users/>
            <groups/>
        </role>
        <role inherit="false" allowForAll="false" name="denyReaders">
            <users/>
            <groups/>
        </role>
        <role inherit="false" allowForAll="false" name="denyAuthors">
            <users/>
            <groups/>
        </role>
        <role inherit="false" allowForAll="false" name="denyAdministrators">
            <users/>
            <groups/>
        </role>
    </roleMap>
</contentHaul>
