<?xml version="1.0" encoding="UTF-8" standalone="yes"?>
<contentHaul xmlns:a="http://www.appian.com/ae/types/2009">
    <rule>
        <name>AD_RemoveInactiveValues</name>
        <uuid>_a-0000df83-2a99-8000-06a9-01ef9001ef90_5229</uuid>
        <description>Takes a list of CDTs and removes all of the inactive values except the ones specified</description>
        <parentUuid>66f7b4f4-3500-4b91-98ba-c2e6f5315095</parentUuid>
        <visibility>
            <advertise>false</advertise>
            <hierarchy>true</hierarchy>
            <indexable>true</indexable>
            <quota>false</quota>
            <searchable>true</searchable>
            <system>false</system>
            <unlogged>false</unlogged>
        </visibility>
        <definition>with(
  /* All local variables used here are lists of indices for options */
  local!selections: wherecontains(ri!selections, ri!options.id),
  /* These are the inactive options to keep, because this record  *
     * record has them stored and so they should be displayed.      */
  local!inactiveSelections: intersection(
    local!selections,
    /* All the inactive options to remove by default                */
    where(not(ri!options.active), {})
  ),
  local!activeOptions: where(ri!options.active, null),
  /* Find the values of all unselected, active options that have    *
   * the same values as a selected, inactive option.                */
  local!activeOptionsToRemove: if(
    or(isnull(local!inactiveSelections), length(local!inactiveSelections) = 0),
    {},
    intersection(
      /* Find the values of the unselected, active options          */
      difference(local!activeOptions, local!selections),
      /* Find the values of the selected, inactive options          */
      wherecontains(
        index(ri!options.value,local!inactiveSelections),
        ri!options.value
      )
    )
  ),
  local!optionIndices: if(
    or(isnull(local!activeOptionsToRemove), length(local!activeOptionsToRemove) = 0),
    union(local!selections, local!activeOptions),
    union(
      local!selections,
      difference(
        local!activeOptions,
        local!activeOptionsToRemove
      )
    )
  ),
  /* If there are no selections, just show the active values.       *
   * Otherwise, show all selected and active values, minus any      *
   * active unselected values that duplicate selected values.       */
  if(
    or(isnull(ri!selections), length(ri!selections) = 0),
    index(ri!options, local!activeOptions, {}),
    difference(ri!options, remove(ri!options, local!optionIndices))
  )
)</definition>
        <namedTypedValue>
            <name>options</name>
            <type>
                <name>Variant</name>
                <namespace>http://www.appian.com/ae/types/2009</namespace>
            </type>
        </namedTypedValue>
        <namedTypedValue>
            <name>selections</name>
            <type>
                <name>Integer?list</name>
                <namespace>http://www.appian.com/ae/types/2009</namespace>
            </type>
        </namedTypedValue>
        <preferredEditor>legacy</preferredEditor>
        <offlineEnabled>false</offlineEnabled>
    </rule>
    <roleMap public="true">
        <role inherit="true" allowForAll="false" name="readers">
            <users/>
            <groups/>
        </role>
        <role inherit="true" allowForAll="false" name="authors">
            <users/>
            <groups/>
        </role>
        <role inherit="true" allowForAll="false" name="administrators">
            <users/>
            <groups/>
        </role>
        <role inherit="false" allowForAll="false" name="denyReaders">
            <users/>
            <groups/>
        </role>
        <role inherit="false" allowForAll="false" name="denyAuthors">
            <users/>
            <groups/>
        </role>
        <role inherit="false" allowForAll="false" name="denyAdministrators">
            <users/>
            <groups/>
        </role>
    </roleMap>
</contentHaul>
