<?xml version="1.0" encoding="UTF-8" standalone="yes"?>
<contentHaul xmlns:a="http://www.appian.com/ae/types/2009">
    <rule>
        <name>AD_AllDeployments</name>
        <uuid>_a-0000df83-2a99-8000-06a9-01ef9001ef90_5245</uuid>
        <description>Report on all Deployments</description>
        <parentUuid>9fe7a67d-221f-4480-8baf-ce89637400ed</parentUuid>
        <visibility>
            <advertise>false</advertise>
            <hierarchy>true</hierarchy>
            <indexable>true</indexable>
            <quota>false</quota>
            <searchable>true</searchable>
            <system>false</system>
            <unlogged>false</unlogged>
        </visibility>
        <definition>load(
  /* Search terms and filters */
  local!searchTerm,
  local!creator,
  local!creationMonth,
  local!statusFilter,
  local!priorityFilter,
  local!pagingInfo: #"SYSTEM_SYSRULES_pagingInfo"(1, 50, #"SYSTEM_SYSRULES_sortInfo"("createdOn", false)),
  /* Data for the top creators chart. Returns the number *
   * of records entered by each of the top 5 users       */
  local!creatorDatasubset: #"SYSTEM_SYSRULES_queryEntity"(
    entity: #"72485958-b51b-4820-a154-20fab2039f73_MAINDSECONSTANT",
    query: #"SYSTEM_SYSRULES_query"(
      aggregation: #"SYSTEM_SYSRULES_queryAggregation"(
        aggregationColumns: {
          #"SYSTEM_SYSRULES_queryAggregationColumn"(field: "createdBy", isGrouping: true),
          #"SYSTEM_SYSRULES_queryAggregationColumn"(field: "id", aggregationFunction: "COUNT"),
        }
      ),
      pagingInfo: #"SYSTEM_SYSRULES_pagingInfo"(1, 5, #"SYSTEM_SYSRULES_sortInfo"("id", false))
    )
  ),
  /* Raw data for the number of records by month chart.  *
   * Returns the creation date for each record so that   *
   * they can be grouped by month in a later step        */
  local!recordsbyMonthDatasubset: #"SYSTEM_SYSRULES_queryEntity"(
    entity: #"72485958-b51b-4820-a154-20fab2039f73_MAINDSECONSTANT",
    query: #"SYSTEM_SYSRULES_query"(
      selection: #"SYSTEM_SYSRULES_querySelection"(
        columns: {
          #"SYSTEM_SYSRULES_queryColumn"(field: "createdOn"),
          #"SYSTEM_SYSRULES_queryColumn"(field: "id")
        }
      ),
      pagingInfo: #"SYSTEM_SYSRULES_pagingInfo"(1, -1)
    )
  ),
  /* Data for the records by status chart */
  local!statusDatasubset: #"SYSTEM_SYSRULES_queryEntity"(
    entity: #"72485958-b51b-4820-a154-20fab2039f73_MAINDSECONSTANT",
    query: #"SYSTEM_SYSRULES_query"(
      aggregation: #"SYSTEM_SYSRULES_queryAggregation"(
        aggregationColumns: {
          #"SYSTEM_SYSRULES_queryAggregationColumn"(field: "status.value", isGrouping: true),
          #"SYSTEM_SYSRULES_queryAggregationColumn"(field: "id", aggregationFunction: "COUNT"),
        }
      ),
      pagingInfo: #"SYSTEM_SYSRULES_pagingInfo"(1, -1)
    )
  ),
  /* Data for the records by priority chart */
  local!priorityDatasubset: #"SYSTEM_SYSRULES_queryEntity"(
    entity: #"72485958-b51b-4820-a154-20fab2039f73_MAINDSECONSTANT",
    query: #"SYSTEM_SYSRULES_query"(
      aggregation: #"SYSTEM_SYSRULES_queryAggregation"(
        aggregationColumns: {
          #"SYSTEM_SYSRULES_queryAggregationColumn"(field: "priority.value", isGrouping: true),
          #"SYSTEM_SYSRULES_queryAggregationColumn"(field: "id", aggregationFunction: "COUNT"),
        }
      ),
      pagingInfo: #"SYSTEM_SYSRULES_pagingInfo"(1, -1)
    )
  ),
  with(
    /* Data that will be displayed in the grid given the *
     * current search terms and applied filters          */
    local!datasubset: #"SYSTEM_SYSRULES_queryEntity"(
      entity: #"72485958-b51b-4820-a154-20fab2039f73_MAINDSECONSTANT",
      query: #"SYSTEM_SYSRULES_query"(
        selection: #"SYSTEM_SYSRULES_querySelection"(
          columns: {
            #"SYSTEM_SYSRULES_queryColumn"(field: "id"),
            #"SYSTEM_SYSRULES_queryColumn"(field: "title"),
            #"SYSTEM_SYSRULES_queryColumn"(field: "status"),
            #"SYSTEM_SYSRULES_queryColumn"(field: "priority"),
            #"SYSTEM_SYSRULES_queryColumn"(field: "deployerName"),
            #"SYSTEM_SYSRULES_queryColumn"(field: "deploymentTime"),
            #"SYSTEM_SYSRULES_queryColumn"(field: "patchVersion")
          }
        ),
        logicalExpression: if(
          and(isnull(local!searchTerm), isnull(local!creator), isnull(local!creationMonth), isnull(local!statusFilter), isnull(local!priorityFilter)),
          /* If no search or filters have been used, don't filter the data in the query */
          null,
          #"SYSTEM_SYSRULES_queryLogicalExpression"(
            operator: "AND",
            logicalExpressions: if(
              isnull(local!searchTerm),
              {},
              #"SYSTEM_SYSRULES_queryLogicalExpression"(
                operator: "OR",
                filters: {
                  #"SYSTEM_SYSRULES_queryFilter"(field: "title", operator: "includes", value: local!searchTerm),
                  #"SYSTEM_SYSRULES_queryFilter"(field: "status.value", operator: "includes", value: local!searchTerm),
                  #"SYSTEM_SYSRULES_queryFilter"(field: "priority.value", operator: "includes", value: local!searchTerm),
                  #"SYSTEM_SYSRULES_queryFilter"(field: "deployerName", operator: "includes", value: local!searchTerm),
                  #"SYSTEM_SYSRULES_queryFilter"(field: "patchVersion", operator: "includes", value: local!searchTerm)
                }
              )
            ),
            filters: {
              if(
                isnull(local!creator),
                null,
                #"SYSTEM_SYSRULES_queryFilter"(field: "createdBy", operator: "=", value: local!creator)
              ),
              if(
                isnull(local!creationMonth),
                null,
                #"SYSTEM_SYSRULES_queryFilter"(
                  field: "createdOn",
                  operator: "between",
                  value: {
                    todatetime(eomonth(today(), local!creationMonth-1)+1),
                    todatetime(eomonth(today(), local!creationMonth))
                  }
                )
              ),
              if(
                isnull(local!statusFilter),
                null,
                if(
                  local!statusFilter = "[No Value]",
                  #"SYSTEM_SYSRULES_queryFilter"(field: "status.value", operator: "is null"),
                  #"SYSTEM_SYSRULES_queryFilter"(field: "status.value", operator: "=", value: local!statusFilter)
                )
              ),

              if(
                isnull(local!priorityFilter),
                null,
                if(
                  local!priorityFilter = "[No Value]",
                  #"SYSTEM_SYSRULES_queryFilter"(field: "priority.value", operator: "is null"),
                  #"SYSTEM_SYSRULES_queryFilter"(field: "priority.value", operator: "=", value: local!priorityFilter)
                )
              )
            }
          )
        ),
        pagingInfo: local!pagingInfo
      )
    ),
    /* Returns the number of records entered by month */
    local!recordsByMonth: #"_a-0000df83-2a99-8000-06a9-01ef9001ef90_5220"(local!recordsByMonthDatasubset),
    #"SYSTEM_SYSRULES_dashboardLayout_v1"(
      contents: {
        if(
          and(
            local!datasubset.totalCount = 0,
            isnull(local!searchTerm),
            isnull(local!creator),
            isnull(local!creationMonth),
            isnull(local!statusFilter),
            isnull(local!priorityFilter)
          ),
          #"SYSTEM_SYSRULES_richTextDisplayField"(
            labelPosition: "COLLAPSED",
            align: "CENTER",
            value: {
              #"SYSTEM_SYSRULES_richTextItem"(
                text: "





No one has created any " &amp; "Deployments" &amp; " yet",
                style: "HEADER_MEDIUM"
              ),
              #"SYSTEM_SYSRULES_richTextItem"(
                text: "As entries are created, statistics and details about them will appear here"
              )
            }
          ),
          {
            #"SYSTEM_SYSRULES_sectionLayout_v1"(
              label: "Deployment Statistics",
              contents: #"SYSTEM_SYSRULES_columnsLayout"(
                columns: {
                  #"SYSTEM_SYSRULES_columnLayout"(
                    contents: {
                      #"SYSTEM_SYSRULES_columnChartField"(
                        label: "Top Deployment Creators",
                        showLegend: false,
                        categories: if(
                          local!creatorDatasubset.totalCount=0,
                          {},
                          #"SYSTEM_SYSRULES_forEach"(
                            items: index(local!creatorDatasubset.data, "createdBy", null),
                            expression: #"50777a54-3eb3-4dd9-9614-f15c89695c8c_FORMATNAME"(fv!item)
                          )
                        ),
                        series: #"SYSTEM_SYSRULES_chartSeries"(
                          label: "Deployments Created",
                          data: index(local!creatorDatasubset.data, "id", null),
                          links: if(
                            local!creatorDatasubset.totalCount=0,
                            {},
                            #"SYSTEM_SYSRULES_forEach"(
                              items: index(local!creatorDatasubset.data, "createdBy", null),
                              expression: #"SYSTEM_SYSRULES_dynamicLink"(
                                value: fv!item,
                                saveInto: {
                                  local!creator,
                                  a!save(local!pagingInfo.startIndex, 1)
                                }
                              )
                            )
                          )
                        )
                      ),
                      #"SYSTEM_SYSRULES_lineChartField"(
                        label: "Recent Deployments By Month",
                        categories: local!recordsByMonth.month,
                        showLegend: false,
                        series: #"SYSTEM_SYSRULES_chartSeries"(
                          label: "Deployment Count",
                          data: local!recordsByMonth.count,
                          links: #"SYSTEM_SYSRULES_forEach"(
                            /* When the user filters by creation month, save the offset *
                             * between the selected month and the current month         */
                            items: 0-(5-enumerate(length(local!recordsByMonth.month))),
                            expression: #"SYSTEM_SYSRULES_dynamicLink"(
                              value: fv!item,
                              saveInto: {
                                local!creationMonth,
                                a!save(local!pagingInfo.startIndex, 1)
                              }
                            )
                          )
                        )
                      )
                    }
                  ),
                  #"SYSTEM_SYSRULES_columnLayout"(
                    contents: {
                      #"SYSTEM_SYSRULES_pieChartField"(
                  label: "Deployments by Status",
                  series: #"SYSTEM_SYSRULES_forEach"(
                    items: local!statusDatasubset,
                    expression: #"_a-0000df83-2a99-8000-06a9-01ef9001ef90_5223"(
                      data: fv!item,
                      field: "status",
                      pagingInfo: local!pagingInfo,
                      linkSaveInto: local!statusFilter
                    )
                  ),
                  showTooltips: true
                ),

                      #"SYSTEM_SYSRULES_pieChartField"(
                  label: "Deployments by Priority",
                  series: #"SYSTEM_SYSRULES_forEach"(
                    items: local!priorityDatasubset,
                    expression: #"_a-0000df83-2a99-8000-06a9-01ef9001ef90_5223"(
                      data: fv!item,
                      field: "priority",
                      pagingInfo: local!pagingInfo,
                      linkSaveInto: local!priorityFilter
                    )
                  ),
                  showTooltips: true
                )
                    }
                  )
                }
              )
            ),
            #"SYSTEM_SYSRULES_sectionLayout_v1"(
              label: "Deployment Details",
              contents: #"SYSTEM_SYSRULES_columnsLayout"(
                columns: {
                  #"SYSTEM_SYSRULES_columnLayout"(
                    contents: {
                      #"SYSTEM_SYSRULES_textField"(
                        labelPosition: "COLLAPSED",
                        placeholder: "Search record fields",
                        value: local!searchTerm,
                        saveInto: {
                          local!searchTerm,
                          a!save(local!pagingInfo.startIndex, 1)
                        },
                        refreshAfter: "KEYPRESS"
                      )
                    }
                  ),
                  #"SYSTEM_SYSRULES_columnLayout"(
                    contents: {
                      #"_a-0000df83-2a99-8000-06a9-01ef9001ef90_5239"(
                        creator: local!creator,
                        creationTime: local!creationMonth,
                        status: local!statusFilter,
                        priority: local!priorityFilter,
                        searchTerm: local!searchTerm,
                        pagingInfo: local!pagingInfo
                      )
                    }
                  )
                }
              ) 
            ),
            #"SYSTEM_SYSRULES_sectionLayout_v1"(
              contents: {
                #"SYSTEM_SYSRULES_gridField"(
                  totalCount: local!datasubset.totalCount,
                  emptyGridMessage: "No Deployments available",
                  columns: {
                    #"SYSTEM_SYSRULES_gridTextColumn"(
                      label: "Title",
                      field: "title",
                      data: index(local!datasubset.data, "title", null),
                      links: #"SYSTEM_SYSRULES_forEach"(
                        items: local!datasubset,
                        expression: #"SYSTEM_SYSRULES_recordLink"(
                          label: index(fv!item, "title", null),
                          recordType: #"_a-0000df83-2a99-8000-06a9-01ef9001ef90_5216",
                          identifier: index(fv!item, "id", null)
                        )
                      )
                    ),
                    #"SYSTEM_SYSRULES_gridTextColumn"(
                      label: "Status",
                      field: "status.value",
                      data: index(index(local!datasubset.data, "status", null), "value", null)
                    ),
                    #"SYSTEM_SYSRULES_gridImageColumn"(
                      label: "Priority",
                      field: "priority.value",
                      data: if(
                        isnull(index(local!datasubset.data, "priority", null)),
                        {},
                        #"SYSTEM_SYSRULES_forEach"(
                          items: index(index(local!datasubset.data, "priority", null), "value", null),
                          expression: #"_a-0000df83-2a99-8000-06a9-01ef9001ef90_5237"(fv!item)
                        )
                      ),
                      size: "ICON"
                    ),
                    #"SYSTEM_SYSRULES_gridTextColumn"(
                      label: "Deployer Name",
                      field: "deployerName",
                      data: index(local!datasubset.data, "deployerName", null)
                    ),
                    #"SYSTEM_SYSRULES_gridTextColumn"(
                      label: "Deployment Time",
                      field: "deploymentTime",
                      data: index(local!datasubset.data, "deploymentTime", null)
                    ),
                    #"SYSTEM_SYSRULES_gridTextColumn"(
                      label: "Patch Version",
                      field: "patchVersion",
                      data: index(local!datasubset.data, "patchVersion", null)
                    )
                  },
                  value: local!pagingInfo,
                  /* We check for a null sort field, and ignore the save if it is null. *
                   * This would most likely happen by a user clicking on a multi-select *
                   * column, which does not have a sort field defined. Since that click *
                   * would only set a single sort, we index into the first sort field. */
                  saveInto: {
                    a!save(
                      local!pagingInfo,
                      if(
                        /* We check specifically if the whole sort is null because the grid *
                         * will null out the sort if it is paged while the sort field is not *
                         * represented in the grid. */
                        or(
                          isnull(index(save!value.sort, 1, null)),
                          not(isnull(index(index(save!value.sort, 1, null), "field", null)))
                        ),
                        save!value,
                        local!pagingInfo
                      )
                    )
                  }
                )
              }
            )
          }
        )
      }
    )
  )
)</definition>
        <preferredEditor>interface</preferredEditor>
        <offlineEnabled>false</offlineEnabled>
    </rule>
    <roleMap public="true">
        <role inherit="true" allowForAll="false" name="readers">
            <users/>
            <groups/>
        </role>
        <role inherit="true" allowForAll="false" name="authors">
            <users/>
            <groups/>
        </role>
        <role inherit="true" allowForAll="false" name="administrators">
            <users/>
            <groups/>
        </role>
        <role inherit="false" allowForAll="false" name="denyReaders">
            <users/>
            <groups/>
        </role>
        <role inherit="false" allowForAll="false" name="denyAuthors">
            <users/>
            <groups/>
        </role>
        <role inherit="false" allowForAll="false" name="denyAdministrators">
            <users/>
            <groups/>
        </role>
    </roleMap>
</contentHaul>
