<?xml version="1.0" encoding="UTF-8" standalone="yes"?>
<contentHaul xmlns:a="http://www.appian.com/ae/types/2009">
    <rule>
        <name>AD_FormatStatusDisplay</name>
        <uuid>_a-0000df83-2a99-8000-06a9-01ef9001ef90_5230</uuid>
        <description>Helper rule to format the Status column of an interface using data from a process report</description>
        <parentUuid>66f7b4f4-3500-4b91-98ba-c2e6f5315095</parentUuid>
        <visibility>
            <advertise>false</advertise>
            <hierarchy>true</hierarchy>
            <indexable>true</indexable>
            <quota>false</quota>
            <searchable>true</searchable>
            <system>false</system>
            <unlogged>false</unlogged>
        </visibility>
        <definition>choose(
  ri!status + 1,
  #"SYSTEM_SYSRULES_documentImage"(document: #"SYSTEM_SYSRULES_iconIndicator"(icon: "PROGRESS_RUNNING"), altText: "Assigned", caption: "Assigned"),
  #"SYSTEM_SYSRULES_documentImage"(document: #"SYSTEM_SYSRULES_iconIndicator"(icon: "PROGRESS_RUNNING"), altText: "Viewed by Assignee", caption: "Viewed by Assignee"),
  #"SYSTEM_SYSRULES_documentImage"(document: #"SYSTEM_SYSRULES_iconIndicator"(icon: "STATUS_OK"), altText: "Completed", caption: "Completed"),
  #"SYSTEM_SYSRULES_documentImage"(document: #"SYSTEM_SYSRULES_iconIndicator"(icon: "STATUS_NOTDONE"), altText: "Not Started", caption: "Not Started"),
  #"SYSTEM_SYSRULES_documentImage"(document: #"SYSTEM_SYSRULES_iconIndicator"(icon: "STATUS_NOTDONE"), altText: "Cancelled", caption: "Cancelled"),
  #"SYSTEM_SYSRULES_documentImage"(document: #"SYSTEM_SYSRULES_iconIndicator"(icon: "PROGRESS_PAUSED"), altText: "Paused", caption: "Paused"),
  #"SYSTEM_SYSRULES_documentImage"(document: #"SYSTEM_SYSRULES_iconIndicator"(icon: "STATUS_WARN"), altText: "Unattended", caption: "Unattended"),
  #"SYSTEM_SYSRULES_documentImage"(document: #"SYSTEM_SYSRULES_iconIndicator"(icon: "STATUS_ERROR"), altText: "Aborted", caption: "Aborted"),
  #"SYSTEM_SYSRULES_documentImage"(document: #"SYSTEM_SYSRULES_iconIndicator"(icon: "STATUS_ERROR"), altText: "Cancelled By Exception", caption: "Cancelled By Exception"),
  #"SYSTEM_SYSRULES_documentImage"(document: #"SYSTEM_SYSRULES_iconIndicator"(icon: "PROGRESS_RUNNING"), altText: "Submitted", caption: "Submitted"),
  #"SYSTEM_SYSRULES_documentImage"(document: #"SYSTEM_SYSRULES_iconIndicator"(icon: "PROGRESS_RUNNING"), altText: "Running", caption: "Running"),
  #"SYSTEM_SYSRULES_documentImage"(document: #"SYSTEM_SYSRULES_iconIndicator"(icon: "STATUS_ERROR"), altText: "Error", caption: "Error")
)</definition>
        <namedTypedValue>
            <name>status</name>
            <type>
                <name>int</name>
                <namespace>http://www.w3.org/2001/XMLSchema</namespace>
            </type>
        </namedTypedValue>
        <preferredEditor>legacy</preferredEditor>
        <offlineEnabled>false</offlineEnabled>
    </rule>
    <roleMap public="true">
        <role inherit="true" allowForAll="false" name="readers">
            <users/>
            <groups/>
        </role>
        <role inherit="true" allowForAll="false" name="authors">
            <users/>
            <groups/>
        </role>
        <role inherit="true" allowForAll="false" name="administrators">
            <users/>
            <groups/>
        </role>
        <role inherit="false" allowForAll="false" name="denyReaders">
            <users/>
            <groups/>
        </role>
        <role inherit="false" allowForAll="false" name="denyAuthors">
            <users/>
            <groups/>
        </role>
        <role inherit="false" allowForAll="false" name="denyAdministrators">
            <users/>
            <groups/>
        </role>
    </roleMap>
</contentHaul>
