<?xml version="1.0" encoding="UTF-8" standalone="yes"?>
<applicationHaul xmlns:a="http://www.appian.com/ae/types/2009">
    <application>
        <name>Auto Deploy</name>
        <uuid>_a-0000df83-2a99-8000-06a9-01ef9001ef90_5205</uuid>
        <description>Auto deployment test application</description>
        <parentUuid>SYSTEM_APPLICATIONS_ROOT</parentUuid>
        <visibility>
            <advertise>false</advertise>
            <hierarchy>true</hierarchy>
            <indexable>true</indexable>
            <quota>false</quota>
            <searchable>true</searchable>
            <system>false</system>
            <unlogged>false</unlogged>
        </visibility>
        <urlIdentifier>PvqkGg</urlIdentifier>
        <published>true</published>
        <public>false</public>
        <associatedObjects>
            <globalIdMap>
                <item>
                    <type>datatype</type>
                    <uuids>
                        <uuid>{urn:com:appian:types:AD}AD_Status</uuid>
                        <uuid>{urn:com:appian:types:AD}AD_Priority</uuid>
                        <uuid>{urn:com:appian:types:AD}AD_Activity</uuid>
                        <uuid>{urn:com:appian:types:AD}AD_Deployment</uuid>
                    </uuids>
                </item>
                <item>
                    <type>dataStore</type>
                    <uuids>
                        <uuid>_a-0000df83-2a99-8000-06a9-01ef9001ef90_5257</uuid>
                    </uuids>
                </item>
                <item>
                    <type>user</type>
                    <uuids/>
                </item>
                <item>
                    <type>groupType</type>
                    <uuids/>
                </item>
                <item>
                    <type>group</type>
                    <uuids>
                        <uuid>_e-0000df83-2a86-8000-0670-011e94011e94_26</uuid>
                        <uuid>_e-0000df83-2a86-8000-0670-011e94011e94_25</uuid>
                    </uuids>
                </item>
                <item>
                    <type>content</type>
                    <uuids>
                        <uuid>9fe7a67d-221f-4480-8baf-ce89637400ed</uuid>
                        <uuid>_a-0000df83-2a99-8000-06a9-01ef9001ef90_5254</uuid>
                        <uuid>_a-0000df83-2a99-8000-06a9-01ef9001ef90_5255</uuid>
                        <uuid>_a-0000df83-2a99-8000-06a9-01ef9001ef90_5256</uuid>
                        <uuid>ac0909a5-092f-4b86-9712-1c78d3d2dd8c_CHANGEDSECONSTANT</uuid>
                        <uuid>_a-0000df83-2a99-8000-06a9-01ef9001ef90_5260</uuid>
                        <uuid>_a-0000df83-2a99-8000-06a9-01ef9001ef90_5259</uuid>
                        <uuid>72485958-b51b-4820-a154-20fab2039f73_MAINDSECONSTANT</uuid>
                        <uuid>_a-0000df83-2a99-8000-06a9-01ef9001ef90_5263</uuid>
                        <uuid>_a-0000df83-2a99-8000-06a9-01ef9001ef90_5264</uuid>
                        <uuid>_a-0000df83-2a99-8000-06a9-01ef9001ef90_5265</uuid>
                        <uuid>66f7b4f4-3500-4b91-98ba-c2e6f5315095</uuid>
                        <uuid>c4202020-132e-47bd-b0a8-69f80f8819dd_ACTIONCOMPLETED</uuid>
                        <uuid>_a-0000df83-2a99-8000-06a9-01ef9001ef90_5208</uuid>
                        <uuid>_a-0000df83-2a99-8000-06a9-01ef9001ef90_5209</uuid>
                        <uuid>_a-0000df83-2a99-8000-06a9-01ef9001ef90_5210</uuid>
                        <uuid>81704516-14c7-436a-ac2f-b28f1dc4c769_ACTIONSKIPPED</uuid>
                        <uuid>_a-0000df83-2a99-8000-06a9-01ef9001ef90_5212</uuid>
                        <uuid>_a-0000df83-2a99-8000-06a9-01ef9001ef90_5213</uuid>
                        <uuid>f0653369-12c7-4ffc-9497-99a8aa1cd9ea_KC</uuid>
                        <uuid>_a-0000df83-2a99-8000-06a9-01ef9001ef90_5214</uuid>
                        <uuid>_a-0000df83-2a99-8000-06a9-01ef9001ef90_5230</uuid>
                        <uuid>50777a54-3eb3-4dd9-9614-f15c89695c8c_FORMATNAME</uuid>
                        <uuid>_a-0000df83-2a99-8000-06a9-01ef9001ef90_5225</uuid>
                        <uuid>4ee53781-52a6-44a5-93d2-c0765aef3cda</uuid>
                        <uuid>_a-0000df83-2a99-8000-06a9-01ef9001ef90_5244</uuid>
                        <uuid>_a-0000df83-2a99-8000-06a9-01ef9001ef90_5218</uuid>
                        <uuid>_a-0000df83-2a99-8000-06a9-01ef9001ef90_5229</uuid>
                        <uuid>_a-0000df83-2a99-8000-06a9-01ef9001ef90_5224</uuid>
                        <uuid>_a-0000df83-2a99-8000-06a9-01ef9001ef90_5221</uuid>
                        <uuid>_a-0000df83-2a99-8000-06a9-01ef9001ef90_5236</uuid>
                        <uuid>_a-0000df83-2a99-8000-06a9-01ef9001ef90_5237</uuid>
                        <uuid>_a-0000df83-2a99-8000-06a9-01ef9001ef90_5240</uuid>
                        <uuid>645ba993-dafc-4783-9ebc-2a5897024e91_GETONERECORD</uuid>
                        <uuid>_a-0000df83-2a99-8000-06a9-01ef9001ef90_5222</uuid>
                        <uuid>_a-0000df83-2a99-8000-06a9-01ef9001ef90_5234</uuid>
                        <uuid>29dfdca3-299f-4c9d-b1d3-070757ca60b2_MAKEACTIVITYCDT</uuid>
                        <uuid>_a-0000df83-2a99-8000-06a9-01ef9001ef90_5248</uuid>
                        <uuid>_a-0000df83-2a99-8000-06a9-01ef9001ef90_5247</uuid>
                        <uuid>d5c6a990-22c7-4aee-98b5-821ae507f6f9</uuid>
                        <uuid>_a-0000df83-2a99-8000-06a9-01ef9001ef90_5219</uuid>
                        <uuid>_a-0000df83-2a99-8000-06a9-01ef9001ef90_5217</uuid>
                        <uuid>_a-0000df83-2a99-8000-06a9-01ef9001ef90_5241</uuid>
                        <uuid>_a-0000df83-2a99-8000-06a9-01ef9001ef90_5243</uuid>
                        <uuid>_a-0000df83-2a99-8000-06a9-01ef9001ef90_5235</uuid>
                        <uuid>_a-0000df83-2a99-8000-06a9-01ef9001ef90_5242</uuid>
                        <uuid>d20d8fca-9f08-4550-a4c3-a51ab8244aa2_ATTACH</uuid>
                        <uuid>_a-0000df83-2a99-8000-06a9-01ef9001ef90_5215</uuid>
                        <uuid>_a-0000df83-2a99-8000-06a9-01ef9001ef90_5238</uuid>
                        <uuid>_a-0000df83-2a99-8000-06a9-01ef9001ef90_5216</uuid>
                        <uuid>_a-0000df83-2a99-8000-06a9-01ef9001ef90_5250</uuid>
                        <uuid>3c040cd2-a29f-45f7-80f5-3ecbd8c9a9df_TASKFORM</uuid>
                        <uuid>_a-0000df83-2a99-8000-06a9-01ef9001ef90_5228</uuid>
                        <uuid>_a-0000df83-2a99-8000-06a9-01ef9001ef90_5220</uuid>
                        <uuid>_a-0000df83-2a99-8000-06a9-01ef9001ef90_5223</uuid>
                        <uuid>_a-0000df83-2a99-8000-06a9-01ef9001ef90_5233</uuid>
                        <uuid>_a-0000df83-2a99-8000-06a9-01ef9001ef90_5232</uuid>
                        <uuid>_a-0000df83-2a99-8000-06a9-01ef9001ef90_5252</uuid>
                        <uuid>_a-0000df83-2a99-8000-06a9-01ef9001ef90_5239</uuid>
                        <uuid>_a-0000df83-2a99-8000-06a9-01ef9001ef90_5245</uuid>
                        <uuid>_a-0000df83-2a99-8000-06a9-01ef9001ef90_5253</uuid>
                        <uuid>_a-0000df83-2a99-8000-06a9-01ef9001ef90_5251</uuid>
                        <uuid>_a-0000df83-2a99-8000-06a9-01ef9001ef90_5327</uuid>
                    </uuids>
                </item>
                <item>
                    <type>forum</type>
                    <uuids/>
                </item>
                <item>
                    <type>processModelFolder</type>
                    <uuids>
                        <uuid>d379bdb9-c562-4f7f-95f9-c1d9de02d07c</uuid>
                    </uuids>
                </item>
                <item>
                    <type>processModel</type>
                    <uuids>
                        <uuid>274bf14c-45cb-4888-aacd-bd8301b217a9</uuid>
                        <uuid>06c0db14-c2b7-4bbf-a3a1-32806ad937dd</uuid>
                        <uuid>8a2ea18f-ff31-430b-b9c6-760d6c6c01cf</uuid>
                        <uuid>7656688a-d6d9-4729-8938-aaf60c22922a</uuid>
                    </uuids>
                </item>
                <item>
                    <type>portlet</type>
                    <uuids/>
                </item>
                <item>
                    <type>page</type>
                    <uuids/>
                </item>
                <item>
                    <type>application</type>
                    <uuids>
                        <uuid>_a-0000df83-2a99-8000-06a9-01ef9001ef90_5324</uuid>
                    </uuids>
                </item>
                <item>
                    <type>tempoFeed</type>
                    <uuids>
                        <uuid>e2feb984-f86f-4fda-93b6-6cdd03bfaa8c</uuid>
                    </uuids>
                </item>
                <item>
                    <type>recordType</type>
                    <uuids>
                        <uuid>e1df704a-76ff-49cd-974d-8a17d6caa58c</uuid>
                    </uuids>
                </item>
                <item>
                    <type>tempoReport</type>
                    <uuids>
                        <uuid>db55212b-db1e-4549-81e8-c287329ed5f3</uuid>
                    </uuids>
                </item>
                <item>
                    <type>taskReport</type>
                    <uuids>
                        <uuid>aeb1ed31-5af1-4ac0-937f-8f6a845c1e8a</uuid>
                    </uuids>
                </item>
                <item>
                    <type>webApi</type>
                    <uuids/>
                </item>
                <item>
                    <type>site</type>
                    <uuids>
                        <uuid>911a778e-6d83-474b-b702-77f0d29d15b1_SITE</uuid>
                    </uuids>
                </item>
                <item>
                    <type>adminSetting</type>
                    <uuids/>
                </item>
                <item>
                    <type>thirdPartyCredentials</type>
                    <uuids/>
                </item>
                <item>
                    <type>dataSource</type>
                    <uuids/>
                </item>
                <item>
                    <type>embeddedSailTheme</type>
                    <uuids/>
                </item>
            </globalIdMap>
        </associatedObjects>
        <applicationNavigation/>
        <applicationActions>
            <action>
                <displayLabel>New Deployment</displayLabel>
                <description>Create a new Deployment</description>
                <processModelUuid>7656688a-d6d9-4729-8938-aaf60c22922a</processModelUuid>
                <actionUuid>9fa123ae-1048-48bf-b6ae-1747a38c2c2d</actionUuid>
            </action>
        </applicationActions>
        <associatedApplications>
            <globalIdMap>
                <item>
                    <type>datatype</type>
                    <uuids/>
                </item>
                <item>
                    <type>dataStore</type>
                    <uuids/>
                </item>
                <item>
                    <type>user</type>
                    <uuids/>
                </item>
                <item>
                    <type>groupType</type>
                    <uuids/>
                </item>
                <item>
                    <type>group</type>
                    <uuids/>
                </item>
                <item>
                    <type>content</type>
                    <uuids/>
                </item>
                <item>
                    <type>forum</type>
                    <uuids/>
                </item>
                <item>
                    <type>processModelFolder</type>
                    <uuids/>
                </item>
                <item>
                    <type>processModel</type>
                    <uuids/>
                </item>
                <item>
                    <type>portlet</type>
                    <uuids/>
                </item>
                <item>
                    <type>page</type>
                    <uuids/>
                </item>
                <item>
                    <type>application</type>
                    <uuids/>
                </item>
                <item>
                    <type>tempoFeed</type>
                    <uuids/>
                </item>
                <item>
                    <type>recordType</type>
                    <uuids/>
                </item>
                <item>
                    <type>tempoReport</type>
                    <uuids/>
                </item>
                <item>
                    <type>taskReport</type>
                    <uuids/>
                </item>
                <item>
                    <type>webApi</type>
                    <uuids/>
                </item>
                <item>
                    <type>site</type>
                    <uuids/>
                </item>
                <item>
                    <type>adminSetting</type>
                    <uuids/>
                </item>
                <item>
                    <type>thirdPartyCredentials</type>
                    <uuids/>
                </item>
                <item>
                    <type>dataSource</type>
                    <uuids/>
                </item>
                <item>
                    <type>embeddedSailTheme</type>
                    <uuids/>
                </item>
            </globalIdMap>
        </associatedApplications>
    </application>
    <roleMap>
        <contentRoleMap public="true">
            <role inherit="false" allowForAll="false" name="readers">
                <users/>
                <groups>
                    <groupUuid>_e-0000df83-2a86-8000-0670-011e94011e94_26</groupUuid>
                </groups>
            </role>
            <role inherit="false" allowForAll="false" name="authors">
                <users/>
                <groups/>
            </role>
            <role inherit="false" allowForAll="false" name="administrators">
                <users>
                    <userUuid>sysadmin</userUuid>
                </users>
                <groups>
                    <groupUuid>_e-0000df83-2a86-8000-0670-011e94011e94_25</groupUuid>
                </groups>
            </role>
            <role inherit="false" allowForAll="false" name="denyReaders">
                <users/>
                <groups/>
            </role>
            <role inherit="false" allowForAll="false" name="denyAuthors">
                <users/>
                <groups/>
            </role>
            <role inherit="false" allowForAll="false" name="denyAdministrators">
                <users/>
                <groups/>
            </role>
        </contentRoleMap>
    </roleMap>
</applicationHaul>
