<?xml version="1.0" encoding="UTF-8"?>
<siteHaul xmlns:a="http://www.appian.com/ae/types/2009" xmlns:xsi="http://www.w3.org/2001/XMLSchema-instance">
  <site a:uuid="911a778e-6d83-474b-b702-77f0d29d15b1_SITE" name="Auto Deploy">
    <description>Auto deployment test application</description>
    <urlStub>auto-deploy</urlStub>
    <page>
      <staticName>Deployments</staticName>
      <description/>
      <urlStub>records</urlStub>
      <uiObject a:uuid="e1df704a-76ff-49cd-974d-8a17d6caa58c" xsi:type="a:RecordType">
        <a:isSystem>false</a:isSystem>
        <a:security>16383</a:security>
        <a:hideLatestNews>false</a:hideLatestNews>
      </uiObject>
      <iconId>f0fb</iconId>
      <visibilityExpr>fn!true()</visibilityExpr>
      <pageWidth>STANDARD</pageWidth>
    </page>
    <page>
      <staticName>New</staticName>
      <description/>
      <urlStub>new</urlStub>
      <uiObject a:uuid="7656688a-d6d9-4729-8938-aaf60c22922a" xsi:type="a:ProcessModel"/>
      <iconId>f067</iconId>
      <visibilityExpr>fn!true()</visibilityExpr>
      <pageWidth>STANDARD</pageWidth>
    </page>
    <page>
      <staticName>Trends</staticName>
      <description/>
      <urlStub>trends</urlStub>
      <uiObject a:uuid="db55212b-db1e-4549-81e8-c287329ed5f3" xsi:type="a:TempoReport"/>
      <iconId>f080</iconId>
      <visibilityExpr>fn!true()</visibilityExpr>
      <pageWidth>STANDARD</pageWidth>
    </page>
    <page>
      <staticName>My Tasks</staticName>
      <description/>
      <urlStub>tasks</urlStub>
      <uiObject a:uuid="aeb1ed31-5af1-4ac0-937f-8f6a845c1e8a" xsi:type="a:TaskReport"/>
      <iconId>f046</iconId>
      <visibilityExpr>fn!true()</visibilityExpr>
      <pageWidth>STANDARD</pageWidth>
    </page>
    <visibility>268435456</visibility>
    <headerBackgroundColor/>
    <selectedTabBackgroundColor/>
    <faviconRef a:uuid="SYSTEM_CONTENT_SITES_DEFAULT_FAVICON" xsi:type="a:CollaborationDocument"/>
    <faviconHref/>
    <logoRef a:uuid="SYSTEM_CONTENT_SITES_DEFAULT_LOGO" xsi:type="a:CollaborationDocument"/>
    <logoHref/>
    <headerBackgroundColorExpr/>
    <selectedTabBackgroundColorExpr/>
    <accentColorExpr xsi:nil="true"/>
    <logoExpr xsi:nil="true"/>
    <faviconExpr xsi:nil="true"/>
    <showName>false</showName>
    <tempoLinkVisibility>HIDDEN</tempoLinkVisibility>
  </site>
  <roleMap>
    <role name="site_administrator">
      <users/>
      <groups>
        <groupUuid>_e-0000df83-2a86-8000-0670-011e94011e94_25</groupUuid>
      </groups>
    </role>
    <role name="site_viewer">
      <users/>
      <groups>
        <groupUuid>_e-0000df83-2a86-8000-0670-011e94011e94_26</groupUuid>
      </groups>
    </role>
  </roleMap>
</siteHaul>
